driver_id,total_fare,avg_distance
65,324.51,20.25
16,633.22,32.417142857142856
48,594.37,25.58428571428571
15,273.8,20.67
84,146.81,37.84
51,221.86,33.776666666666664
99,171.78,16.625
36,509.99,23.074285714285715
