driver_id,total_fare,avg_distance
44,148.10000000000002,22.826666666666664
86,241.59,19.7875
40,128.09,19.39
96,119.98,10.200000000000001
8,349.76000000000005,36.94499999999999
87,251.52,20.869999999999997
70,60.58,22.03
90,393.56,23.9375
83,199.35,26.853333333333335
